1,112126428,Distracted Boyfriend
2,438680,Batman Slapping Robin
3,87743020,Two Buttons
4,61579,One Does Not Simply
5,181913649,Drake Hotline Bling
6,102156234,Mocking Spongebob
7,101470,Ancient Aliens
8,93895088,Expanding Brain
9,124822590,Left Exit 12 Off Ramp
10,129242436,Change My Mind
11,61520,Futurama Fry
12,89370399,Roll Safe Think About It
13,4087833,Waiting Skeleton
14,1035805,Boardroom Meeting Suggestion
15,91538330,X X Everywhere
16,188390779,Woman Yelling At Cat
17,61532,The Most Interesting Man In The World
18,61585,Bad Luck Brian
19,119139145,Blank Nut Button
20,5496396,Leonardo Dicaprio Cheers
21,61539,First World Problems
22,155067746,Surprised Pikachu
23,8072285,Doge
24,97984,Disaster Girl
25,124055727,Yall Got Any More Of That
26,61527,Y U No
27,21735,The Rock Driving
28,28251713,Oprah You Get A
29,61546,Brace Yourselves X is Coming
30,61582,Creepy Condescending Wonka
31,61533,X All The Y
32,563423,That Would Be Great
33,101288,Third World Skeptical Kid
34,114585149,Inhaling Seagull
35,100777631,Is This A Pigeon
36,405658,Grumpy Cat
37,1509839,Captain Picard Facepalm
38,16464531,But Thats None Of My Business
39,123999232,The Scroll Of Truth
40,131087935,Running Away Balloon
41,27813981,Hide the Pain Harold
42,6235864,Finding Neverland
43,14230520,Black Girl Wat
44,100947,Matrix Morpheus
45,101511,Dont You Squidward
46,134797956,American Chopper Argument
47,61556,Grandma Finds The Internet
48,14371066,Star Wars Yoda
49,245898,Picard Wtf
50,235589,Evil Toddler
51,61544,Success Kid
52,91545132,Trump Bill Signing
53,61516,Philosoraptor
54,101287,Third World Success Kid
55,101440,10 Guy
56,178591752,Tuxedo Winnie The Pooh
57,84341851,Evil Kermit
58,161865971,Marked Safe From
59,40945639,Dr Evil Laser
60,259680,Am I The Only One Around Here
61,922147,Laughing Men In Suits
62,9440985,Face You Make Robert Downey Jr
63,61580,Too Damn High
64,101910402,Who Would Win
65,101716,Yo Dawg Heard You
66,175540452,Unsettled Tom
67,61581,Put It Somewhere Else Patrick
68,109765,Ill Just Wait Here
69,196652226,Spongebob Ight Imma Head Out
70,56225174,Be Like Bill
71,12403754,Bad Pun Dog
72,135256802,Epic Handshake
73,132769734,Hard To Swallow Pills
74,195389,Sparta Leonidas
75,100955,Confession Bear
76,135678846,Who Killed Hannibal
77,766986,Aaaaand Its Gone
78,718432,Back In My Day
79,21604248,Mugatu So Hot Right Now
80,444501,Maury Lie Detector
81,13757816,Awkward Moment Sealion
82,61583,Conspiracy Keanu
83,124212,Say That Again I Dare You
84,143601,Steve Harvey
85,3218037,This Is Where Id Put My Trophy If I Had One
86,163573,Imagination Spongebob
87,442575,Aint Nobody Got Time For That
88,217743513,UNO Draw 25 Cards
89,1790995,And everybody loses their minds
90,460541,Jack Sparrow Being Chased
91,101711,Skeptical Baby
92,6531067,See Nobody Cares
93,10628640,Archer
94,222403160,Bernie I Am Once Again Asking For Your Support
95,29617627,Look At Me
96,184801100,Me And The Boys
97,1367068,I Should Buy A Boat Cat
98,89655,Uncle Sam
99,61522,Scumbag Steve
100,371382,Simba Shadowy Place
